localId,TalkerId,Type,SubType,IsSender,CreateTime,Status,StrContent,StrTime,Remark,NickName,Sender
1,1,2,1,1,1709288580,,我发现了一家很好的餐厅。,2024-03-01 10:23:00,Remark_1,Nickname_A,wxid_7o5hbu3taw45
2,2,2,1,0,1709260140,,你喜欢什么样的花？,2024-03-01 02:29:00,Remark_2,Nickname_B,wxid_76zj3j4pafaf
3,1,2,1,1,1709280720,,我在学习新的技能。,2024-03-01 08:12:00,Remark_3,Nickname_A,wxid_f3h282vf8ku0
4,2,2,1,0,1709281740,,我在听古典音乐。,2024-03-01 08:29:00,Remark_4,Nickname_B,wxid_j6cz070utwqi
5,1,2,1,1,1709277720,,我在看小说。,2024-03-01 07:22:00,Remark_5,Nickname_A,wxid_kx3ww5g0u3py
6,2,2,1,0,1709293320,,我现在在工作。,2024-03-01 11:42:00,Remark_6,Nickname_B,wxid_jjj23bkjm3kw
7,1,2,1,1,1709326320,,我们去打网球吧。,2024-03-01 20:52:00,Remark_7,Nickname_A,wxid_nx2yifmo2x0t
8,2,2,1,0,1709295960,,我在吃韩国料理。,2024-03-01 12:26:00,Remark_8,Nickname_B,wxid_o0kvyg3mi45b
9,1,2,1,1,1709331900,,你在干什么？,2024-03-01 22:25:00,Remark_9,Nickname_A,wxid_tufl1abukp78
10,2,2,1,0,1709314560,,我在吃西餐。,2024-03-01 17:36:00,Remark_10,Nickname_B,wxid_cew2bilqleji
11,1,2,1,1,1709377080,,我喜欢乒乓球。,2024-03-02 10:58:00,Remark_11,Nickname_A,wxid_ay0ahi29wj33
12,2,2,1,0,1709376780,,我在看画。,2024-03-02 10:53:00,Remark_12,Nickname_B,wxid_z2zfqqtzn086
13,1,2,1,1,1709337660,,这周末你有空吗？,2024-03-02 00:01:00,Remark_13,Nickname_A,wxid_jl0dxgnq9fq7
14,2,2,1,0,1709358720,,我在看画。,2024-03-02 05:52:00,Remark_14,Nickname_B,wxid_1o9n1x0zfwwm
15,1,2,1,1,1709421000,,我在看漫画。,2024-03-02 23:10:00,Remark_15,Nickname_A,wxid_y45qpsp1by9m
16,2,2,1,0,1709413560,,稍后再聊。,2024-03-02 21:06:00,Remark_16,Nickname_B,wxid_fh93dsfxaq9p
17,1,2,1,1,1709399100,,我今天遇到了一些困难。,2024-03-02 17:05:00,Remark_17,Nickname_A,wxid_tmg87mu8zure
18,2,2,1,0,1709408640,,我喜欢鼓。,2024-03-02 19:44:00,Remark_18,Nickname_B,wxid_ephe54hjpedz
19,1,2,1,1,1709413680,,我今天遇到了一些困难。,2024-03-02 21:08:00,Remark_19,Nickname_A,wxid_pxps9d05nlew
20,2,2,1,0,1709420640,,我在听广播。,2024-03-02 23:04:00,Remark_20,Nickname_B,wxid_y1dkaupx6iwr
21,1,2,1,1,1709473920,,我在看电视剧。,2024-03-03 13:52:00,Remark_21,Nickname_A,wxid_4s5dcuxzu620
22,2,2,1,0,1709478720,,我累了，需要休息。,2024-03-03 15:12:00,Remark_22,Nickname_B,wxid_r4lye9kw8g3g
23,1,2,1,1,1709461500,,你喜欢什么样的书？,2024-03-03 10:25:00,Remark_23,Nickname_A,wxid_of8q5crupss7
24,2,2,1,0,1709472780,,我在看喜剧电影。,2024-03-03 13:33:00,Remark_24,Nickname_B,wxid_wg3wdbmcxt27
25,1,2,1,1,1709479680,,稍后再聊。,2024-03-03 15:28:00,Remark_25,Nickname_A,wxid_upkgnoz6drnd
26,2,2,1,0,1709424600,,我在做手工。,2024-03-03 00:10:00,Remark_26,Nickname_B,wxid_f7ok9iy5q9kl
27,1,2,1,1,1709466840,,我喜欢乒乓球。,2024-03-03 11:54:00,Remark_27,Nickname_A,wxid_h15553b20gye
28,2,2,1,0,1709442240,,我在看新闻。,2024-03-03 05:04:00,Remark_28,Nickname_B,wxid_5uwfxmvttcoc
29,1,2,1,1,1709429520,,我在看艺术品。,2024-03-03 01:32:00,Remark_29,Nickname_A,wxid_egctuigndpt9
30,2,2,1,0,1709439480,,我们去游泳吧。,2024-03-03 04:18:00,Remark_30,Nickname_B,wxid_wm2dar5n9299
31,1,2,1,1,1709514660,,我在吃中餐。,2024-03-04 01:11:00,Remark_31,Nickname_A,wxid_xp5uoproheaq
32,2,2,1,0,1709558940,,我在看新闻。,2024-03-04 13:29:00,Remark_32,Nickname_B,wxid_5yspq0bwg2oo
33,1,2,1,1,1709536260,,我在做运动。,2024-03-04 07:11:00,Remark_33,Nickname_A,wxid_gkhwrbm3x85e
34,2,2,1,0,1709579580,,你喜欢什么样的食物？,2024-03-04 19:13:00,Remark_34,Nickname_B,wxid_irugx0o7wpq5
35,1,2,1,1,1709582220,,我们去听小提琴吧。,2024-03-04 19:57:00,Remark_35,Nickname_A,wxid_cxnkohod89ak
36,2,2,1,0,1709572980,,我在看一本很有趣的书。,2024-03-04 17:23:00,Remark_36,Nickname_B,wxid_mih41ex8giz5
37,1,2,1,1,1709571120,,你喜欢什么样的音乐？,2024-03-04 16:52:00,Remark_37,Nickname_A,wxid_r3t8bn3g4j5k
38,2,2,1,0,1709561940,,我喜欢篮球。,2024-03-04 14:19:00,Remark_38,Nickname_B,wxid_coiozd1h2hn0
39,1,2,1,1,1709530800,,我们一起去购物吧。,2024-03-04 05:40:00,Remark_39,Nickname_A,wxid_fg07z3dwrzvh
40,2,2,1,0,1709584020,,我在听歌。,2024-03-04 20:27:00,Remark_40,Nickname_B,wxid_e7aem748f47b
41,1,2,1,1,1709625300,,我们一起去健身吧。,2024-03-05 07:55:00,Remark_41,Nickname_A,wxid_oq6wqb9hz7w6
42,2,2,1,0,1709674320,,你喜欢什么样的书？,2024-03-05 21:32:00,Remark_42,Nickname_B,wxid_3hme715qs77p
43,1,2,1,1,1709650680,,祝你有美好的一天！,2024-03-05 14:58:00,Remark_43,Nickname_A,wxid_i1d802j7k7be
44,2,2,1,0,1709676660,,我喜欢中餐。,2024-03-05 22:11:00,Remark_44,Nickname_B,wxid_03ntoyz2wrwq
45,1,2,1,1,1709627700,,我喜欢猫。,2024-03-05 08:35:00,Remark_45,Nickname_A,wxid_ti8hazet9ieh
46,2,2,1,0,1709656380,,你喜欢什么样的电影？,2024-03-05 16:33:00,Remark_46,Nickname_B,wxid_x6j09ir7771p
47,1,2,1,1,1709603760,,我在听音乐。,2024-03-05 01:56:00,Remark_47,Nickname_A,wxid_ybtnjivarhdn
48,2,2,1,0,1709622060,,你喜欢什么样的音乐？,2024-03-05 07:01:00,Remark_48,Nickname_B,wxid_otligp1muxnm
49,1,2,1,1,1709660940,,我在吃西餐。,2024-03-05 17:49:00,Remark_49,Nickname_A,wxid_mjbwgji4uqki
50,2,2,1,0,1709652420,,你喜欢什么样的颜色？,2024-03-05 15:27:00,Remark_50,Nickname_B,wxid_5w1ggqr174kc
51,1,2,1,1,1709715480,,我在写日记。,2024-03-06 08:58:00,Remark_51,Nickname_A,wxid_fhoooe6iopyx
52,2,2,1,0,1709768640,,我在学习新的语言。,2024-03-06 23:44:00,Remark_52,Nickname_B,wxid_v8j798wwylm8
53,1,2,1,1,1709715240,,我在看雕塑。,2024-03-06 08:54:00,Remark_53,Nickname_A,wxid_39fr2ll792vq
54,2,2,1,0,1709694120,,记得带伞。,2024-03-06 03:02:00,Remark_54,Nickname_B,wxid_el608pqaxtb2
55,1,2,1,1,1709722380,,祝你有美好的一天！,2024-03-06 10:53:00,Remark_55,Nickname_A,wxid_zg9raj7og2vg
56,2,2,1,0,1709744100,,我在画画。,2024-03-06 16:55:00,Remark_56,Nickname_B,wxid_raabjsxfrpov
57,1,2,1,1,1709691000,,你今天怎么样？,2024-03-06 02:10:00,Remark_57,Nickname_A,wxid_ld4c4s5kf5wk
58,2,2,1,0,1709709720,,我在看散文。,2024-03-06 07:22:00,Remark_58,Nickname_B,wxid_fxqgldf4b30q
59,1,2,1,1,1709760840,,我喜欢棒球。,2024-03-06 21:34:00,Remark_59,Nickname_A,wxid_tuh73on6sgi5
60,2,2,1,0,1709708460,,我在写日记。,2024-03-06 07:01:00,Remark_60,Nickname_B,wxid_45nvpofset5j
61,1,2,1,1,1709836860,,我喜欢舞蹈。,2024-03-07 18:41:00,Remark_61,Nickname_A,wxid_1rzk0p4qe6lc
62,2,2,1,0,1709774400,,我们去看诗歌吧。,2024-03-07 01:20:00,Remark_62,Nickname_B,wxid_zs1eemqiqoto
63,1,2,1,1,1709789760,,我在养狗。,2024-03-07 05:36:00,Remark_63,Nickname_A,wxid_wbfomfcktcif
64,2,2,1,0,1709773080,,你喜欢什么样的食物？,2024-03-07 00:58:00,Remark_64,Nickname_B,wxid_8smbvxpknzhj
65,1,2,1,1,1709771940,,我们去看电影吧。,2024-03-07 00:39:00,Remark_65,Nickname_A,wxid_yh62mls1sszs
66,2,2,1,0,1709797140,,你喜欢什么样的电影？,2024-03-07 07:39:00,Remark_66,Nickname_B,wxid_y4d5xo3ptx1c
67,1,2,1,1,1709798220,,我在听流行音乐。,2024-03-07 07:57:00,Remark_67,Nickname_A,wxid_32q2pd8088bp
68,2,2,1,0,1709851260,,我们去钓鱼吧。,2024-03-07 22:41:00,Remark_68,Nickname_B,wxid_44tqn2bp8n3t
69,1,2,1,1,1709811600,,我在看动作电影。,2024-03-07 11:40:00,Remark_69,Nickname_A,wxid_e80vcimtdcxa
70,2,2,1,0,1709783700,,我喜欢吉他。,2024-03-07 03:55:00,Remark_70,Nickname_B,wxid_7aem919b2cge
71,1,2,1,1,1709878620,,我喜欢紫色。,2024-03-08 06:17:00,Remark_71,Nickname_A,wxid_m7udq30nvel5
72,2,2,1,0,1709864040,,我喜欢玫瑰。,2024-03-08 02:14:00,Remark_72,Nickname_B,wxid_cy1fyesq9pj1
73,1,2,1,1,1709887860,,我在看动作电影。,2024-03-08 08:51:00,Remark_73,Nickname_A,wxid_job1ti58d36x
74,2,2,1,0,1709856180,,我们去看绿色吧。,2024-03-08 00:03:00,Remark_74,Nickname_B,wxid_6kz89n89cpsk
75,1,2,1,1,1709877960,,我喜欢中餐。,2024-03-08 06:06:00,Remark_75,Nickname_A,wxid_361ole329dtj
76,2,2,1,0,1709915820,,你喜欢什么样的食物？,2024-03-08 16:37:00,Remark_76,Nickname_B,wxid_ngcqiyh23sh0
77,1,2,1,1,1709897460,,我们去看恐怖电影吧。,2024-03-08 11:31:00,Remark_77,Nickname_A,wxid_2hs1nxn27i9c
78,2,2,1,0,1709908920,,我在养狗。,2024-03-08 14:42:00,Remark_78,Nickname_B,wxid_wek8i9fhrehe
79,1,2,1,1,1709880780,,在想你。,2024-03-08 06:53:00,Remark_79,Nickname_A,wxid_qa6c4v0rnb0i
80,2,2,1,0,1709869440,,你的工作怎么样？,2024-03-08 03:44:00,Remark_80,Nickname_B,wxid_rxbfsehq1qj8
81,1,2,1,1,1710012540,,我在听音乐会。,2024-03-09 19:29:00,Remark_81,Nickname_A,wxid_jay3tclgdnho
82,2,2,1,0,1709955720,,我在看雕塑。,2024-03-09 03:42:00,Remark_82,Nickname_B,wxid_hrrecl9xvdph
83,1,2,1,1,1709969340,,你吃饭了吗？,2024-03-09 07:29:00,Remark_83,Nickname_A,wxid_r409e1t250m7
84,2,2,1,0,1710026640,,在想你。,2024-03-09 23:24:00,Remark_84,Nickname_B,wxid_zps4cj23maq1
85,1,2,1,1,1710013320,,我在学习新的语言。,2024-03-09 19:42:00,Remark_85,Nickname_A,wxid_y5m7phnu3t9o
86,2,2,1,0,1709982480,,我们去跑步吧。,2024-03-09 11:08:00,Remark_86,Nickname_B,wxid_tbf4zo1000qa
87,1,2,1,1,1709994000,,我在写小说。,2024-03-09 14:20:00,Remark_87,Nickname_A,wxid_xtum3f2ahv6w
88,2,2,1,0,1709988060,,迫不及待想见到你。,2024-03-09 12:41:00,Remark_88,Nickname_B,wxid_tizfeob2q15s
89,1,2,1,1,1710009000,,我在种花。,2024-03-09 18:30:00,Remark_89,Nickname_A,wxid_dnu09ud09vnq
90,2,2,1,0,1710001500,,我们去打网球吧。,2024-03-09 16:25:00,Remark_90,Nickname_B,wxid_45eywhpm7nwm
91,1,2,1,1,1710044640,,你喜欢什么样的颜色？,2024-03-10 04:24:00,Remark_91,Nickname_A,wxid_apiib7gnpqsg
92,2,2,1,0,1710113880,,我在看新闻。,2024-03-10 23:38:00,Remark_92,Nickname_B,wxid_s1du9uh25keu
93,1,2,1,1,1710089640,,我在看画。,2024-03-10 16:54:00,Remark_93,Nickname_A,wxid_r66psjnq2r53
94,2,2,1,0,1710090000,,我在写小说。,2024-03-10 17:00:00,Remark_94,Nickname_B,wxid_7n2mek32cz4r
95,1,2,1,1,1710083100,,我在看小说。,2024-03-10 15:05:00,Remark_95,Nickname_A,wxid_a7ck264zjq3o
96,2,2,1,0,1710084000,,我在看风景。,2024-03-10 15:20:00,Remark_96,Nickname_B,wxid_qiaiqshozb24
97,1,2,1,1,1710103080,,我在学习新的技能。,2024-03-10 20:38:00,Remark_97,Nickname_A,wxid_kfga1z5bwk10
98,2,2,1,0,1710081600,,你喜欢什么样的宠物？,2024-03-10 14:40:00,Remark_98,Nickname_B,wxid_vvrhblo5dbgx
99,1,2,1,1,1710084960,,我在看一本很有趣的书。,2024-03-10 15:36:00,Remark_99,Nickname_A,wxid_ydynlowyeexu
100,2,2,1,0,1710106740,,你吃饭了吗？,2024-03-10 21:39:00,Remark_100,Nickname_B,wxid_iiglahg44l0c
101,1,2,1,1,1710158040,,你喜欢什么样的颜色？,2024-03-11 11:54:00,Remark_101,Nickname_A,wxid_wm29o3iasjxr
102,2,2,1,0,1710181560,,你喜欢什么样的颜色？,2024-03-11 18:26:00,Remark_102,Nickname_B,wxid_k47w1vdslyef
103,1,2,1,1,1710188880,,这周末你有空吗？,2024-03-11 20:28:00,Remark_103,Nickname_A,wxid_65bmrjiy5d2j
104,2,2,1,0,1710199860,,我在听音乐会。,2024-03-11 23:31:00,Remark_104,Nickname_B,wxid_2k2ynaxcv2gx
105,1,2,1,1,1710188880,,我们去跑步吧。,2024-03-11 20:28:00,Remark_105,Nickname_A,wxid_7tyo1l9bq62o
106,2,2,1,0,1710199020,,我喜欢玫瑰。,2024-03-11 23:17:00,Remark_106,Nickname_B,wxid_mwba8mfm8g2r
107,1,2,1,1,1710147420,,我喜欢西餐。,2024-03-11 08:57:00,Remark_107,Nickname_A,wxid_xuk6sfl15y6g
108,2,2,1,0,1710115200,,我在看小说。,2024-03-11 00:00:00,Remark_108,Nickname_B,wxid_ed2ebo0061wf
109,1,2,1,1,1710134160,,你喜欢什么样的食物？,2024-03-11 05:16:00,Remark_109,Nickname_A,wxid_85ah4oflgfaa
110,2,2,1,0,1710176100,,晚安！,2024-03-11 16:55:00,Remark_110,Nickname_B,wxid_z860l2j07b43
111,1,2,1,1,1710218460,,在想你。,2024-03-12 04:41:00,Remark_111,Nickname_A,wxid_cv8njxaeu1b3
112,2,2,1,0,1710247020,,我在听音乐。,2024-03-12 12:37:00,Remark_112,Nickname_B,wxid_wn78c6jlm5g8
113,1,2,1,1,1710231840,,你喜欢什么样的艺术？,2024-03-12 08:24:00,Remark_113,Nickname_A,wxid_h04kkccub3b8
114,2,2,1,0,1710228300,,你喜欢什么样的音乐？,2024-03-12 07:25:00,Remark_114,Nickname_B,wxid_be4jsncn5h47
115,1,2,1,1,1710260280,,我在上网。,2024-03-12 16:18:00,Remark_115,Nickname_A,wxid_8fs7i96mchme
116,2,2,1,0,1710204300,,我在游泳。,2024-03-12 00:45:00,Remark_116,Nickname_B,wxid_x5ju6avyxfo4
117,1,2,1,1,1710278880,,我在玩游戏。,2024-03-12 21:28:00,Remark_117,Nickname_A,wxid_iypswz4pckw2
118,2,2,1,0,1710233160,,我们去看郁金香吧。,2024-03-12 08:46:00,Remark_118,Nickname_B,wxid_1ow8ks0vb2iq
119,1,2,1,1,1710252360,,我在听广播。,2024-03-12 14:06:00,Remark_119,Nickname_A,wxid_k1x72snf9o8y
120,2,2,1,0,1710227040,,我在看动作电影。,2024-03-12 07:04:00,Remark_120,Nickname_B,wxid_n6lq7dfzv2zx
121,1,2,1,1,1710324240,,你吃饭了吗？,2024-03-13 10:04:00,Remark_121,Nickname_A,wxid_sf25eeilk2fa
122,2,2,1,0,1710359340,,我在听古典音乐。,2024-03-13 19:49:00,Remark_122,Nickname_B,wxid_hqqux1p8zblk
123,1,2,1,1,1710350580,,我在玩游戏。,2024-03-13 17:23:00,Remark_123,Nickname_A,wxid_x8b6tz8z1c4i
124,2,2,1,0,1710300900,,我喜欢百合。,2024-03-13 03:35:00,Remark_124,Nickname_B,wxid_jrj3u4w3lkcb
125,1,2,1,1,1710355560,,你喜欢什么样的食物？,2024-03-13 18:46:00,Remark_125,Nickname_A,wxid_1tpsu0xjdyep
126,2,2,1,0,1710335520,,祝你有美好的一天！,2024-03-13 13:12:00,Remark_126,Nickname_B,wxid_aej0jsweimdb
127,1,2,1,1,1710291900,,今晚一起出去吃饭吧。,2024-03-13 01:05:00,Remark_127,Nickname_A,wxid_wz4lsvsanbtj
128,2,2,1,0,1710289020,,我们去看电影吧。,2024-03-13 00:17:00,Remark_128,Nickname_B,wxid_k23xwrt43zys
129,1,2,1,1,1710359040,,我在看展览。,2024-03-13 19:44:00,Remark_129,Nickname_A,wxid_ltokhw1fd95h
130,2,2,1,0,1710338520,,我在听课。,2024-03-13 14:02:00,Remark_130,Nickname_B,wxid_naz7t6c1hls8
131,1,2,1,1,1710378000,,我在听爵士音乐。,2024-03-14 01:00:00,Remark_131,Nickname_A,wxid_22tz1c5a678b
132,2,2,1,0,1710398700,,我喜欢兔子。,2024-03-14 06:45:00,Remark_132,Nickname_B,wxid_8x32bho9vdiz
133,1,2,1,1,1710427980,,我在看演出。,2024-03-14 14:53:00,Remark_133,Nickname_A,wxid_o809b5hjsmax
134,2,2,1,0,1710400200,,你喜欢什么样的音乐？,2024-03-14 07:10:00,Remark_134,Nickname_B,wxid_uygldtfmhf5n
135,1,2,1,1,1710399000,,我喜欢西餐。,2024-03-14 06:50:00,Remark_135,Nickname_A,wxid_9h7ttqz4bj0f
136,2,2,1,0,1710396420,,我们去海边吧。,2024-03-14 06:07:00,Remark_136,Nickname_B,wxid_4qohsybk1784
137,1,2,1,1,1710414420,,我们一起去购物吧。,2024-03-14 11:07:00,Remark_137,Nickname_A,wxid_z2l36sm4jvda
138,2,2,1,0,1710386460,,你吃饭了吗？,2024-03-14 03:21:00,Remark_138,Nickname_B,wxid_alss4ogaljnb
139,1,2,1,1,1710410160,,我喜欢汉堡。,2024-03-14 09:56:00,Remark_139,Nickname_A,wxid_8zaxy8aua82z
140,2,2,1,0,1710413340,,我在看艺术品。,2024-03-14 10:49:00,Remark_140,Nickname_B,wxid_8n5xa7ki8sh9
141,1,2,1,1,1710536340,,我在养猫。,2024-03-15 20:59:00,Remark_141,Nickname_A,wxid_a0zgp0dyybj0
142,2,2,1,0,1710473340,,我在看喜剧电影。,2024-03-15 03:29:00,Remark_142,Nickname_B,wxid_b72p77h2t9ny
143,1,2,1,1,1710516660,,我们去公园吧。,2024-03-15 15:31:00,Remark_143,Nickname_A,wxid_o3glhbbwwqnt
144,2,2,1,0,1710541440,,我喜欢绘画。,2024-03-15 22:24:00,Remark_144,Nickname_B,wxid_dbts2oi5k0ea
145,1,2,1,1,1710489180,,我喜欢狗。,2024-03-15 07:53:00,Remark_145,Nickname_A,wxid_rc2n7uw3lpof
146,2,2,1,0,1710519000,,你喜欢什么样的运动？,2024-03-15 16:10:00,Remark_146,Nickname_B,wxid_a5m2frzom9cd
147,1,2,1,1,1710479640,,我在听爵士音乐。,2024-03-15 05:14:00,Remark_147,Nickname_A,wxid_dpsabxpy5hg5
148,2,2,1,0,1710518580,,我在看一本很有趣的书。,2024-03-15 16:03:00,Remark_148,Nickname_B,wxid_zs14xmfp6r76
149,1,2,1,1,1710526680,,我在跑步。,2024-03-15 18:18:00,Remark_149,Nickname_A,wxid_sc4s57kjhtcd
150,2,2,1,0,1710516000,,我今天感觉很好。,2024-03-15 15:20:00,Remark_150,Nickname_B,wxid_00agenaicc3n
151,1,2,1,1,1710625320,,我们去看绿色吧。,2024-03-16 21:42:00,Remark_151,Nickname_A,wxid_zf8iyh0533xf
152,2,2,1,0,1710574500,,我喜欢鼓。,2024-03-16 07:35:00,Remark_152,Nickname_B,wxid_r0zo9f53rq9d
153,1,2,1,1,1710619080,,我喜欢红色。,2024-03-16 19:58:00,Remark_153,Nickname_A,wxid_vxvxptl8anuu
154,2,2,1,0,1710583080,,你喜欢什么样的花？,2024-03-16 09:58:00,Remark_154,Nickname_B,wxid_vpgoz5m88o1v
155,1,2,1,1,1710571740,,我在看科幻电影。,2024-03-16 06:49:00,Remark_155,Nickname_A,wxid_bxc37jxc05t8
156,2,2,1,0,1710569100,,我在看新闻。,2024-03-16 06:05:00,Remark_156,Nickname_B,wxid_bdi55rx3gtim
157,1,2,1,1,1710594060,,我在做运动。,2024-03-16 13:01:00,Remark_157,Nickname_A,wxid_boflb903640m
158,2,2,1,0,1710614760,,我在跑步。,2024-03-16 18:46:00,Remark_158,Nickname_B,wxid_wmljevyrjc5i
159,1,2,1,1,1710579660,,你好，你在干什么？,2024-03-16 09:01:00,Remark_159,Nickname_A,wxid_ayj22lilhd0q
160,2,2,1,0,1710569880,,你喜欢什么样的书？,2024-03-16 06:18:00,Remark_160,Nickname_B,wxid_e7z580vztwbq
161,1,2,1,1,1710716280,,我想你了！,2024-03-17 22:58:00,Remark_161,Nickname_A,wxid_aq5mwjirrcf2
162,2,2,1,0,1710704640,,我在养兔子。,2024-03-17 19:44:00,Remark_162,Nickname_B,wxid_1nm54idvrrm3
163,1,2,1,1,1710702180,,你今天怎么样？,2024-03-17 19:03:00,Remark_163,Nickname_A,wxid_paxy2dctdvui
164,2,2,1,0,1710709260,,我在游泳。,2024-03-17 21:01:00,Remark_164,Nickname_B,wxid_u5bti77wh2dt
165,1,2,1,1,1710690060,,我在看电视剧。,2024-03-17 15:41:00,Remark_165,Nickname_A,wxid_znmpj9usxmbs
166,2,2,1,0,1710650400,,我喜欢黄色。,2024-03-17 04:40:00,Remark_166,Nickname_B,wxid_9j1cachccy02
167,1,2,1,1,1710695640,,我在看艺术品。,2024-03-17 17:14:00,Remark_167,Nickname_A,wxid_yxiqq6pjsmsl
168,2,2,1,0,1710641580,,我喜欢西餐。,2024-03-17 02:13:00,Remark_168,Nickname_B,wxid_rhh9dw9em1h8
169,1,2,1,1,1710681720,,你喜欢什么样的食物？,2024-03-17 13:22:00,Remark_169,Nickname_A,wxid_rhcg3iz9xd4v
170,2,2,1,0,1710652440,,我喜欢吉他。,2024-03-17 05:14:00,Remark_170,Nickname_B,wxid_mhjg47mmrfaa
171,1,2,1,1,1710765060,,我喜欢钢琴。,2024-03-18 12:31:00,Remark_171,Nickname_A,wxid_1kw6pjqf32bv
172,2,2,1,0,1710766500,,我喜欢菊花。,2024-03-18 12:55:00,Remark_172,Nickname_B,wxid_06gwb2du7x4j
173,1,2,1,1,1710771360,,我们去看郁金香吧。,2024-03-18 14:16:00,Remark_173,Nickname_A,wxid_uqgwnp903mct
174,2,2,1,0,1710721920,,你的工作怎么样？,2024-03-18 00:32:00,Remark_174,Nickname_B,wxid_y1egs28yv1sx
175,1,2,1,1,1710721320,,我们去看恐怖电影吧。,2024-03-18 00:22:00,Remark_175,Nickname_A,wxid_syk188mdjqja
176,2,2,1,0,1710750420,,我累了，需要休息。,2024-03-18 08:27:00,Remark_176,Nickname_B,wxid_0ejbzdr1o7rl
177,1,2,1,1,1710763500,,我在踢足球。,2024-03-18 12:05:00,Remark_177,Nickname_A,wxid_06k8x1o8kqfj
178,2,2,1,0,1710795120,,你喜欢什么样的颜色？,2024-03-18 20:52:00,Remark_178,Nickname_B,wxid_7wr4aahejg8v
179,1,2,1,1,1710767520,,我们去听小提琴吧。,2024-03-18 13:12:00,Remark_179,Nickname_A,wxid_9gr1x6ivabrw
180,2,2,1,0,1710739080,,我在做饭。,2024-03-18 05:18:00,Remark_180,Nickname_B,wxid_sjep9i06pio2
181,1,2,1,1,1710838920,,你在干什么？,2024-03-19 09:02:00,Remark_181,Nickname_A,wxid_xjytvep8bc18
182,2,2,1,0,1710884280,,我在听音乐会。,2024-03-19 21:38:00,Remark_182,Nickname_B,wxid_3sixdlczzwwy
183,1,2,1,1,1710868740,,我们去看恐怖电影吧。,2024-03-19 17:19:00,Remark_183,Nickname_A,wxid_8hmsjdcjn79d
184,2,2,1,0,1710870900,,迫不及待想见到你。,2024-03-19 17:55:00,Remark_184,Nickname_B,wxid_aetdueuhkdce
185,1,2,1,1,1710874380,,你喜欢什么样的音乐？,2024-03-19 18:53:00,Remark_185,Nickname_A,wxid_3663ckfwckdz
186,2,2,1,0,1710814080,,我在学习新的语言。,2024-03-19 02:08:00,Remark_186,Nickname_B,wxid_7841su49rhwh
187,1,2,1,1,1710884400,,我买了一些新东西。,2024-03-19 21:40:00,Remark_187,Nickname_A,wxid_qmv0f9tsckrq
188,2,2,1,0,1710844260,,我喜欢篮球。,2024-03-19 10:31:00,Remark_188,Nickname_B,wxid_j8xron4d27k7
189,1,2,1,1,1710844380,,我在养狗。,2024-03-19 10:33:00,Remark_189,Nickname_A,wxid_iwneu83ox2l7
190,2,2,1,0,1710815940,,我在做饭。,2024-03-19 02:39:00,Remark_190,Nickname_B,wxid_5r9lzcbr3oj6
191,1,2,1,1,1710935160,,你今天怎么样？,2024-03-20 11:46:00,Remark_191,Nickname_A,wxid_6ggviec4j79s
192,2,2,1,0,1710898200,,我喜欢吉他。,2024-03-20 01:30:00,Remark_192,Nickname_B,wxid_pg2t1wv30j8g
193,1,2,1,1,1710976380,,你喜欢什么样的宠物？,2024-03-20 23:13:00,Remark_193,Nickname_A,wxid_pragym9wiu46
194,2,2,1,0,1710915180,,我喜欢西餐。,2024-03-20 06:13:00,Remark_194,Nickname_B,wxid_umfl74v0apx1
195,1,2,1,1,1710935340,,我喜欢绘画。,2024-03-20 11:49:00,Remark_195,Nickname_A,wxid_bkhjsgy2wk30
196,2,2,1,0,1710974520,,晚安！,2024-03-20 22:42:00,Remark_196,Nickname_B,wxid_xrd79xte5mqu
197,1,2,1,1,1710964620,,我在看科幻电影。,2024-03-20 19:57:00,Remark_197,Nickname_A,wxid_5kkki6wt1h3g
198,2,2,1,0,1710918900,,我们去海边吧。,2024-03-20 07:15:00,Remark_198,Nickname_B,wxid_ntcjzqyteukt
199,1,2,1,1,1710909780,,我在养鸟。,2024-03-20 04:43:00,Remark_199,Nickname_A,wxid_bwa7b7zms1lo
200,2,2,1,0,1710978600,,我现在在工作。,2024-03-20 23:50:00,Remark_200,Nickname_B,wxid_p7kqs1kasapt
201,1,2,1,1,1711039140,,你今天怎么样？,2024-03-21 16:39:00,Remark_201,Nickname_A,wxid_gl5sckjhmige
202,2,2,1,0,1711022940,,我们去钓鱼吧。,2024-03-21 12:09:00,Remark_202,Nickname_B,wxid_zr31j3joqadk
203,1,2,1,1,1711039500,,我在听音乐会。,2024-03-21 16:45:00,Remark_203,Nickname_A,wxid_zpwnhm02w0s7
204,2,2,1,0,1711018440,,我在看电视剧。,2024-03-21 10:54:00,Remark_204,Nickname_B,wxid_l1p8sh11cq0f
205,1,2,1,1,1711006440,,我在看散文。,2024-03-21 07:34:00,Remark_205,Nickname_A,wxid_9ko9wwr4jgv9
206,2,2,1,0,1710979500,,我们去看郁金香吧。,2024-03-21 00:05:00,Remark_206,Nickname_B,wxid_l050g5vmlbt3
207,1,2,1,1,1710987540,,我在写日记。,2024-03-21 02:19:00,Remark_207,Nickname_A,wxid_eiuep25jonzs
208,2,2,1,0,1711029840,,我在听课。,2024-03-21 14:04:00,Remark_208,Nickname_B,wxid_a0kvwjucefne
209,1,2,1,1,1711044240,,你喜欢什么样的运动？,2024-03-21 18:04:00,Remark_209,Nickname_A,wxid_v65j06vtsjs7
210,2,2,1,0,1710987780,,你喜欢什么样的书？,2024-03-21 02:23:00,Remark_210,Nickname_B,wxid_m3euezc4z1kd
211,1,2,1,1,1711136040,,你喜欢什么样的花？,2024-03-22 19:34:00,Remark_211,Nickname_A,wxid_f9sfugbogj5y
212,2,2,1,0,1711127760,,我需要你的帮助。,2024-03-22 17:16:00,Remark_212,Nickname_B,wxid_hpah7ldytt4u
213,1,2,1,1,1711104180,,我在看新闻。,2024-03-22 10:43:00,Remark_213,Nickname_A,wxid_wy3s59ljkkwe
214,2,2,1,0,1711121880,,我喜欢百合。,2024-03-22 15:38:00,Remark_214,Nickname_B,wxid_uhx832oxqk8w
215,1,2,1,1,1711085580,,你喜欢什么样的花？,2024-03-22 05:33:00,Remark_215,Nickname_A,wxid_ykjkr415pg5p
216,2,2,1,0,1711066980,,我喜欢紫色。,2024-03-22 00:23:00,Remark_216,Nickname_B,wxid_x15wpuxanrol
217,1,2,1,1,1711074120,,我累了，需要休息。,2024-03-22 02:22:00,Remark_217,Nickname_A,wxid_h0g7bw0v7wod
218,2,2,1,0,1711105560,,我喜欢吉他。,2024-03-22 11:06:00,Remark_218,Nickname_B,wxid_q64p9jlahp3a
219,1,2,1,1,1711126020,,我在看新闻。,2024-03-22 16:47:00,Remark_219,Nickname_A,wxid_33vm9do2co8e
220,2,2,1,0,1711140780,,我喜欢菊花。,2024-03-22 20:53:00,Remark_220,Nickname_B,wxid_phwqcy93e6kp
221,1,2,1,1,1711153860,,我在吃印度料理。,2024-03-23 00:31:00,Remark_221,Nickname_A,wxid_yhy3qd2zt7wt
222,2,2,1,0,1711168320,,我在吃中餐。,2024-03-23 04:32:00,Remark_222,Nickname_B,wxid_hq3t53yunk78
223,1,2,1,1,1711229100,,你喜欢什么样的花？,2024-03-23 21:25:00,Remark_223,Nickname_A,wxid_6flk92yclh2c
224,2,2,1,0,1711167660,,我喜欢绘画。,2024-03-23 04:21:00,Remark_224,Nickname_B,wxid_nt3letfnfncc
225,1,2,1,1,1711198260,,我们去公园吧。,2024-03-23 12:51:00,Remark_225,Nickname_A,wxid_6wcfocrbdh26
226,2,2,1,0,1711152720,,我喜欢菊花。,2024-03-23 00:12:00,Remark_226,Nickname_B,wxid_rceet4p6ubaq
227,1,2,1,1,1711224060,,我们去看电影吧。,2024-03-23 20:01:00,Remark_227,Nickname_A,wxid_fg0nqusqs6a1
228,2,2,1,0,1711181520,,你喜欢什么样的食物？,2024-03-23 08:12:00,Remark_228,Nickname_B,wxid_9kwjwhyfjqad
229,1,2,1,1,1711205340,,我在做手工。,2024-03-23 14:49:00,Remark_229,Nickname_A,wxid_0wco2bhj6l5j
230,2,2,1,0,1711201980,,我在看电视。,2024-03-23 13:53:00,Remark_230,Nickname_B,wxid_on3h682h7twv
231,1,2,1,1,1711316280,,你喜欢什么样的食物？,2024-03-24 21:38:00,Remark_231,Nickname_A,wxid_hx879jb48lzz
232,2,2,1,0,1711267980,,我喜欢蓝色。,2024-03-24 08:13:00,Remark_232,Nickname_B,wxid_6goglltocf05
233,1,2,1,1,1711306380,,我们去打网球吧。,2024-03-24 18:53:00,Remark_233,Nickname_A,wxid_g733hbomo4lm
234,2,2,1,0,1711303320,,我喜欢鱼。,2024-03-24 18:02:00,Remark_234,Nickname_B,wxid_3cz9inl4l6z8
235,1,2,1,1,1711257240,,我在游泳。,2024-03-24 05:14:00,Remark_235,Nickname_A,wxid_bp3ceyris6v0
236,2,2,1,0,1711268820,,我喜欢长笛。,2024-03-24 08:27:00,Remark_236,Nickname_B,wxid_rn4dmapfor9o
237,1,2,1,1,1711280760,,我在看风景。,2024-03-24 11:46:00,Remark_237,Nickname_A,wxid_ars4ul5vjwla
238,2,2,1,0,1711299840,,我在做作业。,2024-03-24 17:04:00,Remark_238,Nickname_B,wxid_l70vm84snk1k
239,1,2,1,1,1711248060,,我们去听小提琴吧。,2024-03-24 02:41:00,Remark_239,Nickname_A,wxid_kwxt53ngk8d2
240,2,2,1,0,1711248840,,我们去看诗歌吧。,2024-03-24 02:54:00,Remark_240,Nickname_B,wxid_f0uw9feig629
241,1,2,1,1,1711380480,,我喜欢紫色。,2024-03-25 15:28:00,Remark_241,Nickname_A,wxid_ekpsjni5z7j0
242,2,2,1,0,1711390380,,你好，你在干什么？,2024-03-25 18:13:00,Remark_242,Nickname_B,wxid_wkb4awpd3bjm
243,1,2,1,1,1711404000,,我喜欢红色。,2024-03-25 22:00:00,Remark_243,Nickname_A,wxid_4v1l9s4hh2zk
244,2,2,1,0,1711397700,,我喜欢篮球。,2024-03-25 20:15:00,Remark_244,Nickname_B,wxid_46b1de48ub9i
245,1,2,1,1,1711402680,,记得带伞。,2024-03-25 21:38:00,Remark_245,Nickname_A,wxid_btmo8tsyugy2
246,2,2,1,0,1711385220,,我们一起去健身吧。,2024-03-25 16:47:00,Remark_246,Nickname_B,wxid_q3q6jtjfsi54
247,1,2,1,1,1711398360,,我喜欢狗。,2024-03-25 20:26:00,Remark_247,Nickname_A,wxid_fwa61hl7azoj
248,2,2,1,0,1711339440,,我在学习新的语言。,2024-03-25 04:04:00,Remark_248,Nickname_B,wxid_06k6w8ap0rbw
249,1,2,1,1,1711373940,,我喜欢吉他。,2024-03-25 13:39:00,Remark_249,Nickname_A,wxid_9ppaftnfkjdv
250,2,2,1,0,1711345440,,我在踢足球。,2024-03-25 05:44:00,Remark_250,Nickname_B,wxid_z0qpaovprcz6
251,1,2,1,1,1711448700,,我在看动物。,2024-03-26 10:25:00,Remark_251,Nickname_A,wxid_uwgysqfr8vmf
252,2,2,1,0,1711447740,,我在看一本很有趣的书。,2024-03-26 10:09:00,Remark_252,Nickname_B,wxid_xy6umzgh5ssb
253,1,2,1,1,1711440720,,我在看漫画。,2024-03-26 08:12:00,Remark_253,Nickname_A,wxid_cl69ifpt0d3x
254,2,2,1,0,1711459800,,我在写日记。,2024-03-26 13:30:00,Remark_254,Nickname_B,wxid_7837qfb61xov
255,1,2,1,1,1711455000,,我们去散步吧。,2024-03-26 12:10:00,Remark_255,Nickname_A,wxid_tgzwfxm0hhri
256,2,2,1,0,1711425060,,我喜欢牡丹。,2024-03-26 03:51:00,Remark_256,Nickname_B,wxid_ajpdtq3e9sv7
257,1,2,1,1,1711461300,,我在看电视剧。,2024-03-26 13:55:00,Remark_257,Nickname_A,wxid_ufzitb8al123
258,2,2,1,0,1711490400,,我在看一本很有趣的书。,2024-03-26 22:00:00,Remark_258,Nickname_B,wxid_moiqlizwub3c
259,1,2,1,1,1711418280,,我在看艺术品。,2024-03-26 01:58:00,Remark_259,Nickname_A,wxid_e6y0db8k0jlb
260,2,2,1,0,1711429320,,我喜欢比萨。,2024-03-26 05:02:00,Remark_260,Nickname_B,wxid_60ci8aw7tffh
261,1,2,1,1,1711521480,,我在养兔子。,2024-03-27 06:38:00,Remark_261,Nickname_A,wxid_ovgmrbi4nvuc
262,2,2,1,0,1711554000,,我喜欢舞蹈。,2024-03-27 15:40:00,Remark_262,Nickname_B,wxid_r2z98cv1y8bd
263,1,2,1,1,1711572180,,我在看风景。,2024-03-27 20:43:00,Remark_263,Nickname_A,wxid_txzhacl02c4j
264,2,2,1,0,1711575780,,我们去养鱼吧。,2024-03-27 21:43:00,Remark_264,Nickname_B,wxid_mqds0ltmpewk
265,1,2,1,1,1711558920,,我喜欢黄色。,2024-03-27 17:02:00,Remark_265,Nickname_A,wxid_m7yc00ufpfem
266,2,2,1,0,1711580100,,你喜欢什么样的运动？,2024-03-27 22:55:00,Remark_266,Nickname_B,wxid_kvuk3cnugeqp
267,1,2,1,1,1711567080,,你喜欢什么样的艺术？,2024-03-27 19:18:00,Remark_267,Nickname_A,wxid_bs9snoobmv7a
268,2,2,1,0,1711576620,,我喜欢兔子。,2024-03-27 21:57:00,Remark_268,Nickname_B,wxid_8cl60uilrf9a
269,1,2,1,1,1711511100,,我在看比赛。,2024-03-27 03:45:00,Remark_269,Nickname_A,wxid_qkb1jk3gr6r8
270,2,2,1,0,1711497900,,我喜欢红色。,2024-03-27 00:05:00,Remark_270,Nickname_B,wxid_rkxjvfz3ht0t
271,1,2,1,1,1711667880,,我发现了一家很好的餐厅。,2024-03-28 23:18:00,Remark_271,Nickname_A,wxid_0eb91yu82x64
272,2,2,1,0,1711665960,,我在看一本很有趣的书。,2024-03-28 22:46:00,Remark_272,Nickname_B,wxid_r5z1efhler5q
273,1,2,1,1,1711647000,,迫不及待想见到你。,2024-03-28 17:30:00,Remark_273,Nickname_A,wxid_l9ibhfdyxydg
274,2,2,1,0,1711624380,,我喜欢百合。,2024-03-28 11:13:00,Remark_274,Nickname_B,wxid_6bltx7i9bk3s
275,1,2,1,1,1711637820,,我在看电影。,2024-03-28 14:57:00,Remark_275,Nickname_A,wxid_wz8t9s42l4vz
276,2,2,1,0,1711614780,,我在游泳。,2024-03-28 08:33:00,Remark_276,Nickname_B,wxid_qqgj23y00sms
277,1,2,1,1,1711629300,,我们一起去健身吧。,2024-03-28 12:35:00,Remark_277,Nickname_A,wxid_094vddq9pkyu
278,2,2,1,0,1711590180,,我在看艺术品。,2024-03-28 01:43:00,Remark_278,Nickname_B,wxid_0j879liu1br3
279,1,2,1,1,1711628340,,我想学习做饭。,2024-03-28 12:19:00,Remark_279,Nickname_A,wxid_6oayqpqkx99n
280,2,2,1,0,1711620060,,我们去看诗歌吧。,2024-03-28 10:01:00,Remark_280,Nickname_B,wxid_6cx922abb4hf
281,1,2,1,1,1711674360,,我在养狗。,2024-03-29 01:06:00,Remark_281,Nickname_A,wxid_ply11x1mb6ns
282,2,2,1,0,1711724100,,我们去看电影吧。,2024-03-29 14:55:00,Remark_282,Nickname_B,wxid_gmdzjxkjlcks
283,1,2,1,1,1711684680,,我在看演出。,2024-03-29 03:58:00,Remark_283,Nickname_A,wxid_f90qlqyd06ri
284,2,2,1,0,1711725900,,我们去钓鱼吧。,2024-03-29 15:25:00,Remark_284,Nickname_B,wxid_95iu5uuj4gbk
285,1,2,1,1,1711721460,,我喜欢蓝色。,2024-03-29 14:11:00,Remark_285,Nickname_A,wxid_5y2jmivoz98s
286,2,2,1,0,1711677480,,我喜欢玫瑰。,2024-03-29 01:58:00,Remark_286,Nickname_B,wxid_nlsaggk9754w
287,1,2,1,1,1711716540,,我们去打羽毛球吧。,2024-03-29 12:49:00,Remark_287,Nickname_A,wxid_w29bms1w5n0z
288,2,2,1,0,1711733520,,你喜欢什么样的运动？,2024-03-29 17:32:00,Remark_288,Nickname_B,wxid_z9xr60us5nuu
289,1,2,1,1,1711671060,,我在做饭。,2024-03-29 00:11:00,Remark_289,Nickname_A,wxid_684v358wjkzq
290,2,2,1,0,1711707720,,我在看喜剧电影。,2024-03-29 10:22:00,Remark_290,Nickname_B,wxid_tok8haw6ianc
291,1,2,1,1,1711784760,,我们去游泳吧。,2024-03-30 07:46:00,Remark_291,Nickname_A,wxid_9gns6uhshrgj
292,2,2,1,0,1711819260,,我在养兔子。,2024-03-30 17:21:00,Remark_292,Nickname_B,wxid_xj4by9z3wp8s
293,1,2,1,1,1711827360,,我喜欢菊花。,2024-03-30 19:36:00,Remark_293,Nickname_A,wxid_612m1gwlr1sk
294,2,2,1,0,1711837740,,我在听古典音乐。,2024-03-30 22:29:00,Remark_294,Nickname_B,wxid_6rs2nysyzcbo
295,1,2,1,1,1711804020,,我喜欢鱼。,2024-03-30 13:07:00,Remark_295,Nickname_A,wxid_vcccohkgj6uu
296,2,2,1,0,1711776840,,我们去钓鱼吧。,2024-03-30 05:34:00,Remark_296,Nickname_B,wxid_78ivpe3huq8k
297,1,2,1,1,1711758300,,我们去看绿色吧。,2024-03-30 00:25:00,Remark_297,Nickname_A,wxid_piv31w9sf60b
298,2,2,1,0,1711811100,,我们去散步吧。,2024-03-30 15:05:00,Remark_298,Nickname_B,wxid_vv6zp5qlzqgb
299,1,2,1,1,1711836300,,我喜欢猫。,2024-03-30 22:05:00,Remark_299,Nickname_A,wxid_uw4f63i9kpc1
300,2,2,1,0,1711763460,,你喜欢什么样的花？,2024-03-30 01:51:00,Remark_300,Nickname_B,wxid_rvcamnuubsrg
301,1,2,1,1,1711918680,,我今天感觉很好。,2024-03-31 20:58:00,Remark_301,Nickname_A,wxid_y1eiv5fjdbyy
302,2,2,1,0,1711844580,,我买了一些水果。,2024-03-31 00:23:00,Remark_302,Nickname_B,wxid_yfaef90ih66g
303,1,2,1,1,1711893960,,我喜欢牡丹。,2024-03-31 14:06:00,Remark_303,Nickname_A,wxid_k27jczex0wo8
304,2,2,1,0,1711911300,,我喜欢玫瑰。,2024-03-31 18:55:00,Remark_304,Nickname_B,wxid_funpqzfew1n8
305,1,2,1,1,1711916400,,我需要你的帮助。,2024-03-31 20:20:00,Remark_305,Nickname_A,wxid_z3esuh67nh72
306,2,2,1,0,1711853280,,我在看电视。,2024-03-31 02:48:00,Remark_306,Nickname_B,wxid_scht2lh6jgkg
307,1,2,1,1,1711918920,,在想你。,2024-03-31 21:02:00,Remark_307,Nickname_A,wxid_evskgep2b1sf
308,2,2,1,0,1711868640,,我喜欢百合。,2024-03-31 07:04:00,Remark_308,Nickname_B,wxid_4tm2ir1gdzak
309,1,2,1,1,1711851660,,我在看动作电影。,2024-03-31 02:21:00,Remark_309,Nickname_A,wxid_x724712iwsvf
310,2,2,1,0,1711912740,,晚安！,2024-03-31 19:19:00,Remark_310,Nickname_B,wxid_ziqmzufrbair
311,1,2,1,1,1711929720,,你喜欢什么样的宠物？,2024-04-01 00:02:00,Remark_311,Nickname_A,wxid_rck5fng9ks3l
312,2,2,1,0,1711979880,,我在看电视。,2024-04-01 13:58:00,Remark_312,Nickname_B,wxid_sptz1uh8m1k1
313,1,2,1,1,1711967520,,我在看传记。,2024-04-01 10:32:00,Remark_313,Nickname_A,wxid_f9eup7tql0sd
314,2,2,1,0,1712009100,,你喜欢什么样的音乐？,2024-04-01 22:05:00,Remark_314,Nickname_B,wxid_sj2fp9py27fh
315,1,2,1,1,1711992720,,我在看散文。,2024-04-01 17:32:00,Remark_315,Nickname_A,wxid_vtqlyndepkdh
316,2,2,1,0,1711947720,,我在写日记。,2024-04-01 05:02:00,Remark_316,Nickname_B,wxid_29km2yqy17bb
317,1,2,1,1,1711941180,,我在打篮球。,2024-04-01 03:13:00,Remark_317,Nickname_A,wxid_vgyxrzscgrxv
318,2,2,1,0,1711978800,,记得带伞。,2024-04-01 13:40:00,Remark_318,Nickname_B,wxid_og27gep2jegv
319,1,2,1,1,1711934880,,你喜欢什么样的颜色？,2024-04-01 01:28:00,Remark_319,Nickname_A,wxid_chayp234v9c3
320,2,2,1,0,1711973700,,我在看电视。,2024-04-01 12:15:00,Remark_320,Nickname_B,wxid_vpix6nfd945z
321,1,2,1,1,1712027640,,我在看风景。,2024-04-02 03:14:00,Remark_321,Nickname_A,wxid_pfj2y1iip8qo
322,2,2,1,0,1712050260,,我在写日记。,2024-04-02 09:31:00,Remark_322,Nickname_B,wxid_yjikacuyt2gj
323,1,2,1,1,1712035380,,晚安！,2024-04-02 05:23:00,Remark_323,Nickname_A,wxid_230pw1b38ee5
324,2,2,1,0,1712040480,,我在看爱情电影。,2024-04-02 06:48:00,Remark_324,Nickname_B,wxid_35q7zq4w8d6q
325,1,2,1,1,1712048160,,我喜欢棒球。,2024-04-02 08:56:00,Remark_325,Nickname_A,wxid_gniquz1y0u1x
326,2,2,1,0,1712062680,,你喜欢什么样的宠物？,2024-04-02 12:58:00,Remark_326,Nickname_B,wxid_whotx2ufvgui
327,1,2,1,1,1712055240,,我在写日记。,2024-04-02 10:54:00,Remark_327,Nickname_A,wxid_rxxbcvr07wn2
328,2,2,1,0,1712088480,,我喜欢玫瑰。,2024-04-02 20:08:00,Remark_328,Nickname_B,wxid_gadrf33ozpfq
329,1,2,1,1,1712075580,,我在听流行音乐。,2024-04-02 16:33:00,Remark_329,Nickname_A,wxid_hrd2z3f8taan
330,2,2,1,0,1712059920,,我在看动物。,2024-04-02 12:12:00,Remark_330,Nickname_B,wxid_947keaj0zs00
331,1,2,1,1,1712166960,,我在吃印度料理。,2024-04-03 17:56:00,Remark_331,Nickname_A,wxid_iqe5ghb4k3jv
332,2,2,1,0,1712146080,,我喜欢牡丹。,2024-04-03 12:08:00,Remark_332,Nickname_B,wxid_as5yivssgwdv
333,1,2,1,1,1712142360,,我们去听摇滚音乐吧。,2024-04-03 11:06:00,Remark_333,Nickname_A,wxid_x8cwk49pgdsd
334,2,2,1,0,1712125080,,你喜欢什么样的花？,2024-04-03 06:18:00,Remark_334,Nickname_B,wxid_ilm5t8i1b943
335,1,2,1,1,1712183340,,在想你。,2024-04-03 22:29:00,Remark_335,Nickname_A,wxid_41ic4grcpp60
336,2,2,1,0,1712185980,,我想学习做饭。,2024-04-03 23:13:00,Remark_336,Nickname_B,wxid_reshx2gzpj7p
337,1,2,1,1,1712140740,,我在看展览。,2024-04-03 10:39:00,Remark_337,Nickname_A,wxid_lbc28wbpa6l5
338,2,2,1,0,1712156580,,你喜欢什么样的宠物？,2024-04-03 15:03:00,Remark_338,Nickname_B,wxid_inco0060sa86
339,1,2,1,1,1712136300,,你喜欢什么样的音乐？,2024-04-03 09:25:00,Remark_339,Nickname_A,wxid_x45lmqj8b43k
340,2,2,1,0,1712121060,,你喜欢什么样的颜色？,2024-04-03 05:11:00,Remark_340,Nickname_B,wxid_njlhqpsfttop
341,1,2,1,1,1712237340,,我在看小说。,2024-04-04 13:29:00,Remark_341,Nickname_A,wxid_heliu72p1a3g
342,2,2,1,0,1712195460,,我在听歌。,2024-04-04 01:51:00,Remark_342,Nickname_B,wxid_ckqn9nljuowc
343,1,2,1,1,1712216880,,你喜欢什么样的运动？,2024-04-04 07:48:00,Remark_343,Nickname_A,wxid_wwwdxcticclv
344,2,2,1,0,1712243820,,我在听音乐会。,2024-04-04 15:17:00,Remark_344,Nickname_B,wxid_b5220mvlvj7f
345,1,2,1,1,1712256120,,我在养狗。,2024-04-04 18:42:00,Remark_345,Nickname_A,wxid_0543oz5753cg
346,2,2,1,0,1712231340,,我喜欢钢琴。,2024-04-04 11:49:00,Remark_346,Nickname_B,wxid_8dtfq0l6pw3m
347,1,2,1,1,1712254920,,我在吃中餐。,2024-04-04 18:22:00,Remark_347,Nickname_A,wxid_et0kpu21wc7k
348,2,2,1,0,1712269200,,我在看一本很有趣的书。,2024-04-04 22:20:00,Remark_348,Nickname_B,wxid_g8gzsnr7yr7j
349,1,2,1,1,1712264940,,我喜欢玫瑰。,2024-04-04 21:09:00,Remark_349,Nickname_A,wxid_kig2vzxh1nhk
350,2,2,1,0,1712236920,,我喜欢紫色。,2024-04-04 13:22:00,Remark_350,Nickname_B,wxid_xukazhcgxvhd
351,1,2,1,1,1712296200,,我喜欢雕塑。,2024-04-05 05:50:00,Remark_351,Nickname_A,wxid_rga3fg43a8j3
352,2,2,1,0,1712286180,,我们去看绿色吧。,2024-04-05 03:03:00,Remark_352,Nickname_B,wxid_y086m9621f0f
353,1,2,1,1,1712336640,,我在看比赛。,2024-04-05 17:04:00,Remark_353,Nickname_A,wxid_vy0pijahga8w
354,2,2,1,0,1712355360,,我喜欢篮球。,2024-04-05 22:16:00,Remark_354,Nickname_B,wxid_vd431l3euixo
355,1,2,1,1,1712346720,,我们去看摄影吧。,2024-04-05 19:52:00,Remark_355,Nickname_A,wxid_qb4cqg6jxkpm
356,2,2,1,0,1712320800,,我在看展览。,2024-04-05 12:40:00,Remark_356,Nickname_B,wxid_i21hx8dm06ci
357,1,2,1,1,1712353020,,我们去野餐吧。,2024-04-05 21:37:00,Remark_357,Nickname_A,wxid_1d2dwfirld8t
358,2,2,1,0,1712278080,,我喜欢狗。,2024-04-05 00:48:00,Remark_358,Nickname_B,wxid_6cfwfpuyxcip
359,1,2,1,1,1712358900,,我喜欢篮球。,2024-04-05 23:15:00,Remark_359,Nickname_A,wxid_mv3l6q1vdmwu
360,2,2,1,0,1712310480,,这周末你有空吗？,2024-04-05 09:48:00,Remark_360,Nickname_B,wxid_bx2fxkqtpcy4
361,1,2,1,1,1712401740,,我喜欢钢琴。,2024-04-06 11:09:00,Remark_361,Nickname_A,wxid_tv8yq4pe3rb6
362,2,2,1,0,1712445000,,我们去看郁金香吧。,2024-04-06 23:10:00,Remark_362,Nickname_B,wxid_prryoghov8py
363,1,2,1,1,1712373720,,我在看植物。,2024-04-06 03:22:00,Remark_363,Nickname_A,wxid_3qpvc6knlk04
364,2,2,1,0,1712368560,,我们去看恐怖电影吧。,2024-04-06 01:56:00,Remark_364,Nickname_B,wxid_i5dqea876ijd
365,1,2,1,1,1712387280,,我在看爱情电影。,2024-04-06 07:08:00,Remark_365,Nickname_A,wxid_yr2zylaq2lw7
366,2,2,1,0,1712369220,,我需要你的帮助。,2024-04-06 02:07:00,Remark_366,Nickname_B,wxid_8gijnoavxfbx
367,1,2,1,1,1712364600,,我喜欢紫色。,2024-04-06 00:50:00,Remark_367,Nickname_A,wxid_8g7ac3ed2ifo
368,2,2,1,0,1712385540,,我们去看诗歌吧。,2024-04-06 06:39:00,Remark_368,Nickname_B,wxid_7xm9s8tein63
369,1,2,1,1,1712412300,,我在学习新的语言。,2024-04-06 14:05:00,Remark_369,Nickname_A,wxid_1z7wi15ec1zw
370,2,2,1,0,1712411880,,你今天怎么样？,2024-04-06 13:58:00,Remark_370,Nickname_B,wxid_0fy24lbeksk0
371,1,2,1,1,1712471340,,你今天怎么样？,2024-04-07 06:29:00,Remark_371,Nickname_A,wxid_y06lppngpv69
372,2,2,1,0,1712475480,,你喜欢什么样的电影？,2024-04-07 07:38:00,Remark_372,Nickname_B,wxid_64pxd0io8t9n
373,1,2,1,1,1712469360,,我在看动物。,2024-04-07 05:56:00,Remark_373,Nickname_A,wxid_uql3w9dihgrd
374,2,2,1,0,1712491260,,你喜欢什么样的颜色？,2024-04-07 12:01:00,Remark_374,Nickname_B,wxid_wz4igutkgotd
375,1,2,1,1,1712508000,,我喜欢兔子。,2024-04-07 16:40:00,Remark_375,Nickname_A,wxid_jeusabb7nwca
376,2,2,1,0,1712524200,,我喜欢绘画。,2024-04-07 21:10:00,Remark_376,Nickname_B,wxid_47hid60wrkst
377,1,2,1,1,1712477400,,我们去采摘吧。,2024-04-07 08:10:00,Remark_377,Nickname_A,wxid_21v1rb0ypuhx
378,2,2,1,0,1712483220,,你喜欢什么样的书？,2024-04-07 09:47:00,Remark_378,Nickname_B,wxid_grlcf5h5q6dc
379,1,2,1,1,1712507880,,我在写报告。,2024-04-07 16:38:00,Remark_379,Nickname_A,wxid_9itm6tmpczmz
380,2,2,1,0,1712523060,,我在看植物。,2024-04-07 20:51:00,Remark_380,Nickname_B,wxid_idk8719mzitc
381,1,2,1,1,1712538060,,你喜欢什么样的食物？,2024-04-08 01:01:00,Remark_381,Nickname_A,wxid_hvw605irdp88
382,2,2,1,0,1712567940,,我喜欢黄色。,2024-04-08 09:19:00,Remark_382,Nickname_B,wxid_oi2ppqq8s5kj
383,1,2,1,1,1712567340,,我在看新闻。,2024-04-08 09:09:00,Remark_383,Nickname_A,wxid_a4eea54linnr
384,2,2,1,0,1712583060,,我在看展览。,2024-04-08 13:31:00,Remark_384,Nickname_B,wxid_bx99gathywzm
385,1,2,1,1,1712572860,,你喜欢什么样的音乐？,2024-04-08 10:41:00,Remark_385,Nickname_A,wxid_r9d04gi2exgx
386,2,2,1,0,1712611140,,我在做手工。,2024-04-08 21:19:00,Remark_386,Nickname_B,wxid_pt2i6sjy6k2r
387,1,2,1,1,1712608440,,你今天怎么样？,2024-04-08 20:34:00,Remark_387,Nickname_A,wxid_zdmpw8vbblzs
388,2,2,1,0,1712608920,,我在做手工。,2024-04-08 20:42:00,Remark_388,Nickname_B,wxid_wj7adv862wrv
389,1,2,1,1,1712580300,,我们去采摘吧。,2024-04-08 12:45:00,Remark_389,Nickname_A,wxid_k8qnt9wwz1kz
390,2,2,1,0,1712582040,,我在看童话。,2024-04-08 13:14:00,Remark_390,Nickname_B,wxid_ck56p7lj0i0x
391,1,2,1,1,1712631000,,我在看植物。,2024-04-09 02:50:00,Remark_391,Nickname_A,wxid_fuwz57rvq7e2
392,2,2,1,0,1712660100,,我喜欢兔子。,2024-04-09 10:55:00,Remark_392,Nickname_B,wxid_p3vkw897tr1n
393,1,2,1,1,1712662200,,我喜欢吉他。,2024-04-09 11:30:00,Remark_393,Nickname_A,wxid_idw4qjnntoji
394,2,2,1,0,1712702940,,我在写报告。,2024-04-09 22:49:00,Remark_394,Nickname_B,wxid_tu39fbqlm2rn
395,1,2,1,1,1712689560,,我喜欢比萨。,2024-04-09 19:06:00,Remark_395,Nickname_A,wxid_5lanbfa6zccz
396,2,2,1,0,1712695560,,我在吃西餐。,2024-04-09 20:46:00,Remark_396,Nickname_B,wxid_jsqllbf9ga4s
397,1,2,1,1,1712701680,,我喜欢汉堡。,2024-04-09 22:28:00,Remark_397,Nickname_A,wxid_3bmq3fiohahg
398,2,2,1,0,1712670480,,我在踢足球。,2024-04-09 13:48:00,Remark_398,Nickname_B,wxid_8i33m3uldi9b
399,1,2,1,1,1712696040,,我们去看诗歌吧。,2024-04-09 20:54:00,Remark_399,Nickname_A,wxid_thp2uujtjcuv
400,2,2,1,0,1712703000,,我们去听小提琴吧。,2024-04-09 22:50:00,Remark_400,Nickname_B,wxid_v4adl7749bw1
401,1,2,1,1,1712764320,,我们去吃意大利面吧。,2024-04-10 15:52:00,Remark_401,Nickname_A,wxid_obxwdse8mdyu
402,2,2,1,0,1712762640,,我们去看电影吧。,2024-04-10 15:24:00,Remark_402,Nickname_B,wxid_nt67m70400if
403,1,2,1,1,1712763420,,我喜欢菊花。,2024-04-10 15:37:00,Remark_403,Nickname_A,wxid_jsij79e74zzf
404,2,2,1,0,1712764020,,我喜欢书法。,2024-04-10 15:47:00,Remark_404,Nickname_B,wxid_dwkubv0tfec4
405,1,2,1,1,1712768100,,你喜欢什么样的花？,2024-04-10 16:55:00,Remark_405,Nickname_A,wxid_hh2w0athelqp
406,2,2,1,0,1712756160,,我在看风景。,2024-04-10 13:36:00,Remark_406,Nickname_B,wxid_gwzilug3yk85
407,1,2,1,1,1712749440,,我喜欢百合。,2024-04-10 11:44:00,Remark_407,Nickname_A,wxid_uyjw52zu4lsi
408,2,2,1,0,1712732700,,我想学习做饭。,2024-04-10 07:05:00,Remark_408,Nickname_B,wxid_qsu2rnpibsrn
409,1,2,1,1,1712784360,,我喜欢猫。,2024-04-10 21:26:00,Remark_409,Nickname_A,wxid_0no1gbugh25e
410,2,2,1,0,1712711520,,你的工作怎么样？,2024-04-10 01:12:00,Remark_410,Nickname_B,wxid_hl7syp7i11nm
411,1,2,1,1,1712798820,,你喜欢什么样的颜色？,2024-04-11 01:27:00,Remark_411,Nickname_A,wxid_nfz51kcmrbgg
412,2,2,1,0,1712842860,,你今天怎么样？,2024-04-11 13:41:00,Remark_412,Nickname_B,wxid_8tmrtjgp37zz
413,1,2,1,1,1712847420,,我喜欢狗。,2024-04-11 14:57:00,Remark_413,Nickname_A,wxid_lk7e2wgmupep
414,2,2,1,0,1712854020,,我喜欢蓝色。,2024-04-11 16:47:00,Remark_414,Nickname_B,wxid_riohpepe91yz
415,1,2,1,1,1712834220,,我在学习新的语言。,2024-04-11 11:17:00,Remark_415,Nickname_A,wxid_q4y6a7l597pn
416,2,2,1,0,1712809560,,我在吃西餐。,2024-04-11 04:26:00,Remark_416,Nickname_B,wxid_hyvu2yzsyz1k
417,1,2,1,1,1712814480,,我喜欢棒球。,2024-04-11 05:48:00,Remark_417,Nickname_A,wxid_cpbko06tkfye
418,2,2,1,0,1712796600,,我在写小说。,2024-04-11 00:50:00,Remark_418,Nickname_B,wxid_qvthvcd3vr4u
419,1,2,1,1,1712875140,,我需要你的帮助。,2024-04-11 22:39:00,Remark_419,Nickname_A,wxid_y5pkr96j66yk
420,2,2,1,0,1712816940,,我们一起去健身吧。,2024-04-11 06:29:00,Remark_420,Nickname_B,wxid_55lyblb9yito
421,1,2,1,1,1712889180,,我们去看电影吧。,2024-04-12 02:33:00,Remark_421,Nickname_A,wxid_dph2ungpnzvm
422,2,2,1,0,1712938800,,我想学习做饭。,2024-04-12 16:20:00,Remark_422,Nickname_B,wxid_vjm4bojstbmd
423,1,2,1,1,1712897820,,你吃饭了吗？,2024-04-12 04:57:00,Remark_423,Nickname_A,wxid_ufoy4oh6k2e0
424,2,2,1,0,1712925120,,我在做饭。,2024-04-12 12:32:00,Remark_424,Nickname_B,wxid_7ugdgjq017zg
425,1,2,1,1,1712937780,,我们去养仓鼠吧。,2024-04-12 16:03:00,Remark_425,Nickname_A,wxid_4qzzhq0wlqjl
426,2,2,1,0,1712892360,,你喜欢什么样的花？,2024-04-12 03:26:00,Remark_426,Nickname_B,wxid_2mh3mfnnnons
427,1,2,1,1,1712940960,,我在做饭。,2024-04-12 16:56:00,Remark_427,Nickname_A,wxid_fhnjp0hbjk8x
428,2,2,1,0,1712957460,,我在看动作电影。,2024-04-12 21:31:00,Remark_428,Nickname_B,wxid_vyt9jedwnfgc
429,1,2,1,1,1712913120,,我喜欢舞蹈。,2024-04-12 09:12:00,Remark_429,Nickname_A,wxid_2g7l9buuw5qb
430,2,2,1,0,1712944920,,我在看童话。,2024-04-12 18:02:00,Remark_430,Nickname_B,wxid_doiho602qv0t
431,1,2,1,1,1712968080,,我在听古典音乐。,2024-04-13 00:28:00,Remark_431,Nickname_A,wxid_yew4wdpiud9w
432,2,2,1,0,1712996460,,我在写报告。,2024-04-13 08:21:00,Remark_432,Nickname_B,wxid_dymi7tq8opjs
433,1,2,1,1,1712968980,,我在看画。,2024-04-13 00:43:00,Remark_433,Nickname_A,wxid_irzmts2wk34r
434,2,2,1,0,1712975520,,我们去采摘吧。,2024-04-13 02:32:00,Remark_434,Nickname_B,wxid_rsehfd5cp6zp
435,1,2,1,1,1713039480,,我喜欢乒乓球。,2024-04-13 20:18:00,Remark_435,Nickname_A,wxid_txuxblf4y00m
436,2,2,1,0,1712984880,,我喜欢菊花。,2024-04-13 05:08:00,Remark_436,Nickname_B,wxid_mnowtme4mec0
437,1,2,1,1,1713031380,,我在看漫画。,2024-04-13 18:03:00,Remark_437,Nickname_A,wxid_00ue69chdwse
438,2,2,1,0,1712972640,,我在看艺术品。,2024-04-13 01:44:00,Remark_438,Nickname_B,wxid_sb7b4j6gvfut
439,1,2,1,1,1712968920,,我喜欢百合。,2024-04-13 00:42:00,Remark_439,Nickname_A,wxid_8e9cxrzsd9sf
440,2,2,1,0,1713032940,,我喜欢猫。,2024-04-13 18:29:00,Remark_440,Nickname_B,wxid_v83c6v290hxi
441,1,2,1,1,1713126300,,我在吃韩国料理。,2024-04-14 20:25:00,Remark_441,Nickname_A,wxid_5xhylv2fgl87
442,2,2,1,0,1713111180,,我在看爱情电影。,2024-04-14 16:13:00,Remark_442,Nickname_B,wxid_br6974o3jt0p
443,1,2,1,1,1713091500,,我喜欢狗。,2024-04-14 10:45:00,Remark_443,Nickname_A,wxid_qod6ywuqirxw
444,2,2,1,0,1713065580,,我在拍照。,2024-04-14 03:33:00,Remark_444,Nickname_B,wxid_rvmf8mh7tzxb
445,1,2,1,1,1713082800,,今天的天气真好。,2024-04-14 08:20:00,Remark_445,Nickname_A,wxid_0dzd01gx9evy
446,2,2,1,0,1713074520,,我在踢足球。,2024-04-14 06:02:00,Remark_446,Nickname_B,wxid_nyr9exbk2foy
447,1,2,1,1,1713070200,,你喜欢什么样的花？,2024-04-14 04:50:00,Remark_447,Nickname_A,wxid_6prtnmop3pbx
448,2,2,1,0,1713111120,,你喜欢什么样的宠物？,2024-04-14 16:12:00,Remark_448,Nickname_B,wxid_j1hoh1m5f67a
449,1,2,1,1,1713103200,,我在看爱情电影。,2024-04-14 14:00:00,Remark_449,Nickname_A,wxid_rdkdm30kr5er
450,2,2,1,0,1713063540,,我们一起去购物吧。,2024-04-14 02:59:00,Remark_450,Nickname_B,wxid_2gypyykuejh4
451,1,2,1,1,1713189720,,我在听音乐会。,2024-04-15 14:02:00,Remark_451,Nickname_A,wxid_ux7zq2ao20z7
452,2,2,1,0,1713184800,,你喜欢什么样的食物？,2024-04-15 12:40:00,Remark_452,Nickname_B,wxid_5haabqu5cmeh
453,1,2,1,1,1713139680,,你喜欢什么样的花？,2024-04-15 00:08:00,Remark_453,Nickname_A,wxid_m9kv9fyv0qqb
454,2,2,1,0,1713154080,,我在看新闻。,2024-04-15 04:08:00,Remark_454,Nickname_B,wxid_cjv3v2gyru81
455,1,2,1,1,1713181800,,我喜欢紫色。,2024-04-15 11:50:00,Remark_455,Nickname_A,wxid_qvdoh4l4ug33
456,2,2,1,0,1713193980,,我们去养仓鼠吧。,2024-04-15 15:13:00,Remark_456,Nickname_B,wxid_t6u90rqxt1s7
457,1,2,1,1,1713223860,,我在做饭。,2024-04-15 23:31:00,Remark_457,Nickname_A,wxid_3stw48squr7w
458,2,2,1,0,1713201660,,我们去吃日本料理吧。,2024-04-15 17:21:00,Remark_458,Nickname_B,wxid_j97wo9lm7ynu
459,1,2,1,1,1713173580,,我在看漫画。,2024-04-15 09:33:00,Remark_459,Nickname_A,wxid_6am3xxg9pkaa
460,2,2,1,0,1713145920,,你喜欢什么样的书？,2024-04-15 01:52:00,Remark_460,Nickname_B,wxid_augx6l9sh8zw
461,1,2,1,1,1713246840,,我们去看郁金香吧。,2024-04-16 05:54:00,Remark_461,Nickname_A,wxid_rvq7yqkw4i91
462,2,2,1,0,1713241440,,我在看小说。,2024-04-16 04:24:00,Remark_462,Nickname_B,wxid_gh2b6wsejqqt
463,1,2,1,1,1713263760,,我今天遇到了一些困难。,2024-04-16 10:36:00,Remark_463,Nickname_A,wxid_tspxu2pp6hht
464,2,2,1,0,1713246900,,我在看演出。,2024-04-16 05:55:00,Remark_464,Nickname_B,wxid_cwko1jnfnzrt
465,1,2,1,1,1713285540,,我们去采摘吧。,2024-04-16 16:39:00,Remark_465,Nickname_A,wxid_epb12tkimds7
466,2,2,1,0,1713308580,,你喜欢什么样的颜色？,2024-04-16 23:03:00,Remark_466,Nickname_B,wxid_ev4jnbad3d84
467,1,2,1,1,1713251640,,我在玩游戏。,2024-04-16 07:14:00,Remark_467,Nickname_A,wxid_chslu9ob1bbq
468,2,2,1,0,1713284520,,你喜欢什么样的运动？,2024-04-16 16:22:00,Remark_468,Nickname_B,wxid_n3yasao0h49y
469,1,2,1,1,1713249420,,我喜欢乒乓球。,2024-04-16 06:37:00,Remark_469,Nickname_A,wxid_9oj6vtnu7nc3
470,2,2,1,0,1713234060,,我们去打网球吧。,2024-04-16 02:21:00,Remark_470,Nickname_B,wxid_5phs2wmasfkr
471,1,2,1,1,1713335520,,我在看书。,2024-04-17 06:32:00,Remark_471,Nickname_A,wxid_w5cwwwic2yt8
472,2,2,1,0,1713348840,,你喜欢什么样的音乐？,2024-04-17 10:14:00,Remark_472,Nickname_B,wxid_lcizjsn9cjzo
473,1,2,1,1,1713367020,,你喜欢什么样的艺术？,2024-04-17 15:17:00,Remark_473,Nickname_A,wxid_o87ud38i3nde
474,2,2,1,0,1713318780,,我喜欢百合。,2024-04-17 01:53:00,Remark_474,Nickname_B,wxid_7n54et1ndt82
475,1,2,1,1,1713313560,,我在吃西餐。,2024-04-17 00:26:00,Remark_475,Nickname_A,wxid_wuh49cb082w8
476,2,2,1,0,1713354300,,我在拍照。,2024-04-17 11:45:00,Remark_476,Nickname_B,wxid_atx9ct7ks2yr
477,1,2,1,1,1713363660,,我喜欢菊花。,2024-04-17 14:21:00,Remark_477,Nickname_A,wxid_rmmvt2bj8oco
478,2,2,1,0,1713353340,,我在学习新的技能。,2024-04-17 11:29:00,Remark_478,Nickname_B,wxid_x0vsbj5ksp8k
479,1,2,1,1,1713394740,,我喜欢中餐。,2024-04-17 22:59:00,Remark_479,Nickname_A,wxid_lfp87pvzhs0i
480,2,2,1,0,1713370500,,我在做作业。,2024-04-17 16:15:00,Remark_480,Nickname_B,wxid_5cro1h043vsz
481,1,2,1,1,1713445380,,我在看喜剧电影。,2024-04-18 13:03:00,Remark_481,Nickname_A,wxid_ns3vpf9opl3b
482,2,2,1,0,1713409200,,我们去听摇滚音乐吧。,2024-04-18 03:00:00,Remark_482,Nickname_B,wxid_5ifchtdt5ydr
483,1,2,1,1,1713483600,,我在写小说。,2024-04-18 23:40:00,Remark_483,Nickname_A,wxid_zdcgqf6wjf54
484,2,2,1,0,1713471120,,我在看雕塑。,2024-04-18 20:12:00,Remark_484,Nickname_B,wxid_bm1o5ucpd66c
485,1,2,1,1,1713442980,,我在上网。,2024-04-18 12:23:00,Remark_485,Nickname_A,wxid_ybj3jhz1rddq
486,2,2,1,0,1713474420,,我在拍照。,2024-04-18 21:07:00,Remark_486,Nickname_B,wxid_cuxjpmpj08n1
487,1,2,1,1,1713472560,,我在听音乐。,2024-04-18 20:36:00,Remark_487,Nickname_A,wxid_zn2e6d2w3re7
488,2,2,1,0,1713464400,,你喜欢什么样的运动？,2024-04-18 18:20:00,Remark_488,Nickname_B,wxid_zx6uggqzflmg
489,1,2,1,1,1713405060,,我在看电视。,2024-04-18 01:51:00,Remark_489,Nickname_A,wxid_74q5vkt5iuqy
490,2,2,1,0,1713463980,,我们去海边吧。,2024-04-18 18:13:00,Remark_490,Nickname_B,wxid_r37r589b2x3z
491,1,2,1,1,1713561600,,我在看电视剧。,2024-04-19 21:20:00,Remark_491,Nickname_A,wxid_eo1qmlgnvhov
492,2,2,1,0,1713543480,,我在画画。,2024-04-19 16:18:00,Remark_492,Nickname_B,wxid_vfnttjnlqdsl
493,1,2,1,1,1713541680,,你喜欢什么样的花？,2024-04-19 15:48:00,Remark_493,Nickname_A,wxid_6fdwfhz7flh1
494,2,2,1,0,1713523200,,你喜欢什么样的书？,2024-04-19 10:40:00,Remark_494,Nickname_B,wxid_dfm7h9vez8m6
495,1,2,1,1,1713549600,,我在养兔子。,2024-04-19 18:00:00,Remark_495,Nickname_A,wxid_0ez3s82iy5qz
496,2,2,1,0,1713494160,,你喜欢什么样的食物？,2024-04-19 02:36:00,Remark_496,Nickname_B,wxid_2i0f960ubi9i
497,1,2,1,1,1713540600,,我喜欢黄色。,2024-04-19 15:30:00,Remark_497,Nickname_A,wxid_u9nmnnzkidzk
498,2,2,1,0,1713548880,,我在写报告。,2024-04-19 17:48:00,Remark_498,Nickname_B,wxid_xheezu276jnx
499,1,2,1,1,1713525780,,我喜欢乒乓球。,2024-04-19 11:23:00,Remark_499,Nickname_A,wxid_kafrbs2kvogt
500,2,2,1,0,1713566820,,我喜欢棒球。,2024-04-19 22:47:00,Remark_500,Nickname_B,wxid_1ovoseb81byr
501,1,2,1,1,1713591960,,我喜欢百合。,2024-04-20 05:46:00,Remark_501,Nickname_A,wxid_chft07wr3n6e
502,2,2,1,0,1713612780,,我喜欢西餐。,2024-04-20 11:33:00,Remark_502,Nickname_B,wxid_exo7rc7l4c7r
503,1,2,1,1,1713628560,,我在养鸟。,2024-04-20 15:56:00,Remark_503,Nickname_A,wxid_g25avcs49u07
504,2,2,1,0,1713592680,,我在看风景。,2024-04-20 05:58:00,Remark_504,Nickname_B,wxid_okvrp1flss9t
505,1,2,1,1,1713628140,,我在听乡村音乐。,2024-04-20 15:49:00,Remark_505,Nickname_A,wxid_3q33ciixyuax
506,2,2,1,0,1713644880,,我在听广播。,2024-04-20 20:28:00,Remark_506,Nickname_B,wxid_fkbtwijo0rhh
507,1,2,1,1,1713631740,,我们去吃日本料理吧。,2024-04-20 16:49:00,Remark_507,Nickname_A,wxid_ws67b81cympo
508,2,2,1,0,1713639180,,你喜欢什么样的颜色？,2024-04-20 18:53:00,Remark_508,Nickname_B,wxid_s7r5u7jqmvy3
509,1,2,1,1,1713612780,,我们去养鱼吧。,2024-04-20 11:33:00,Remark_509,Nickname_A,wxid_e4t2x3rrhy0h
510,2,2,1,0,1713596760,,我在养猫。,2024-04-20 07:06:00,Remark_510,Nickname_B,wxid_utrzr23gwkp1
511,1,2,1,1,1713684780,,我在踢足球。,2024-04-21 07:33:00,Remark_511,Nickname_A,wxid_6wz81h2fukne
512,2,2,1,0,1713700260,,你喜欢什么样的花？,2024-04-21 11:51:00,Remark_512,Nickname_B,wxid_d45xngrrhe3r
513,1,2,1,1,1713686040,,我喜欢玫瑰。,2024-04-21 07:54:00,Remark_513,Nickname_A,wxid_ifhx70fruvyv
514,2,2,1,0,1713726900,,我累了，需要休息。,2024-04-21 19:15:00,Remark_514,Nickname_B,wxid_yff3o04ll9sz
515,1,2,1,1,1713729420,,你喜欢什么样的花？,2024-04-21 19:57:00,Remark_515,Nickname_A,wxid_gbypepfsnrgg
516,2,2,1,0,1713733140,,你喜欢什么样的书？,2024-04-21 20:59:00,Remark_516,Nickname_B,wxid_wuo5eqw5yjhe
517,1,2,1,1,1713739320,,我在看喜剧电影。,2024-04-21 22:42:00,Remark_517,Nickname_A,wxid_xroga0hndmt5
518,2,2,1,0,1713717600,,我在听音乐。,2024-04-21 16:40:00,Remark_518,Nickname_B,wxid_ddbae55llk9n
519,1,2,1,1,1713668520,,我买了一些新东西。,2024-04-21 03:02:00,Remark_519,Nickname_A,wxid_d0pdbo3mt498
520,2,2,1,0,1713718500,,我们去看绿色吧。,2024-04-21 16:55:00,Remark_520,Nickname_B,wxid_phkmsukw1m9r
521,1,2,1,1,1713783540,,你的工作怎么样？,2024-04-22 10:59:00,Remark_521,Nickname_A,wxid_vyhkfvwfj5wr
522,2,2,1,0,1713758220,,我在看散文。,2024-04-22 03:57:00,Remark_522,Nickname_B,wxid_z1jxe9bg2p37
523,1,2,1,1,1713746820,,我在上网。,2024-04-22 00:47:00,Remark_523,Nickname_A,wxid_nlhiwygjg80g
524,2,2,1,0,1713797700,,我喜欢棒球。,2024-04-22 14:55:00,Remark_524,Nickname_B,wxid_o6t1h1c5mpu7
525,1,2,1,1,1713801600,,我在画画。,2024-04-22 16:00:00,Remark_525,Nickname_A,wxid_cjma4aokmxva
526,2,2,1,0,1713747660,,你喜欢什么样的运动？,2024-04-22 01:01:00,Remark_526,Nickname_B,wxid_7yvp8et922ba
527,1,2,1,1,1713809760,,你喜欢什么样的花？,2024-04-22 18:16:00,Remark_527,Nickname_A,wxid_kb3l69adswyz
528,2,2,1,0,1713816780,,我们去野餐吧。,2024-04-22 20:13:00,Remark_528,Nickname_B,wxid_rwc84lstqnr4
529,1,2,1,1,1713763020,,我们去养鱼吧。,2024-04-22 05:17:00,Remark_529,Nickname_A,wxid_in0ybmq4ppl7
530,2,2,1,0,1713781980,,我喜欢绘画。,2024-04-22 10:33:00,Remark_530,Nickname_B,wxid_sz69o67nw0fw
531,1,2,1,1,1713913380,,我喜欢百合。,2024-04-23 23:03:00,Remark_531,Nickname_A,wxid_uyhluc4os4i8
532,2,2,1,0,1713830400,,你在干什么？,2024-04-23 00:00:00,Remark_532,Nickname_B,wxid_uazwecxefr0u
533,1,2,1,1,1713848880,,我在打篮球。,2024-04-23 05:08:00,Remark_533,Nickname_A,wxid_xrzvcpxf79q5
534,2,2,1,0,1713902940,,你喜欢什么样的书？,2024-04-23 20:09:00,Remark_534,Nickname_B,wxid_lsbxytdcvzby
535,1,2,1,1,1713914940,,你喜欢什么样的食物？,2024-04-23 23:29:00,Remark_535,Nickname_A,wxid_2mszl2pk4e4r
536,2,2,1,0,1713903840,,我们去看郁金香吧。,2024-04-23 20:24:00,Remark_536,Nickname_B,wxid_dk87nfwu1zhh
537,1,2,1,1,1713904680,,我在看电视剧。,2024-04-23 20:38:00,Remark_537,Nickname_A,wxid_c856xpqppiwk
538,2,2,1,0,1713872040,,我在看小说。,2024-04-23 11:34:00,Remark_538,Nickname_B,wxid_pd39t84oiq3d
539,1,2,1,1,1713860160,,我在看新闻。,2024-04-23 08:16:00,Remark_539,Nickname_A,wxid_fqyviinm0h16
540,2,2,1,0,1713901260,,我在看喜剧电影。,2024-04-23 19:41:00,Remark_540,Nickname_B,wxid_xp0zecawaic5
541,1,2,1,1,1713942120,,我喜欢百合。,2024-04-24 07:02:00,Remark_541,Nickname_A,wxid_nq58dyceywf2
542,2,2,1,0,1713931500,,我在听乡村音乐。,2024-04-24 04:05:00,Remark_542,Nickname_B,wxid_q3iszrqf5bnh
543,1,2,1,1,1713950460,,记得带伞。,2024-04-24 09:21:00,Remark_543,Nickname_A,wxid_b2ffpvg40m0h
544,2,2,1,0,1713918000,,我买了一些水果。,2024-04-24 00:20:00,Remark_544,Nickname_B,wxid_pt6hx4kud901
545,1,2,1,1,1714000440,,我喜欢紫色。,2024-04-24 23:14:00,Remark_545,Nickname_A,wxid_90bdq38vipam
546,2,2,1,0,1713981120,,我喜欢吉他。,2024-04-24 17:52:00,Remark_546,Nickname_B,wxid_cfn12ty4oosa
547,1,2,1,1,1713935460,,我喜欢足球。,2024-04-24 05:11:00,Remark_547,Nickname_A,wxid_4ifcwko6500w
548,2,2,1,0,1713990900,,我在听流行音乐。,2024-04-24 20:35:00,Remark_548,Nickname_B,wxid_9e36mt36dj78
549,1,2,1,1,1713990420,,我喜欢牡丹。,2024-04-24 20:27:00,Remark_549,Nickname_A,wxid_ejlvzc8151s6
550,2,2,1,0,1713994140,,我在学习新的技能。,2024-04-24 21:29:00,Remark_550,Nickname_B,wxid_0tor216tc2cl
551,1,2,1,1,1714082400,,你喜欢什么样的电影？,2024-04-25 22:00:00,Remark_551,Nickname_A,wxid_i6ecb1psssgj
552,2,2,1,0,1714051980,,你的工作怎么样？,2024-04-25 13:33:00,Remark_552,Nickname_B,wxid_al0nt7puqjlu
553,1,2,1,1,1714073340,,你喜欢什么样的花？,2024-04-25 19:29:00,Remark_553,Nickname_A,wxid_lpohanijomf4
554,2,2,1,0,1714034760,,我在看漫画。,2024-04-25 08:46:00,Remark_554,Nickname_B,wxid_hzd579d45gha
555,1,2,1,1,1714084200,,我们去打羽毛球吧。,2024-04-25 22:30:00,Remark_555,Nickname_A,wxid_l6f4g4zfcxdz
556,2,2,1,0,1714064460,,我们去看诗歌吧。,2024-04-25 17:01:00,Remark_556,Nickname_B,wxid_04hipzcz3663
557,1,2,1,1,1714058700,,我在学习新的语言。,2024-04-25 15:25:00,Remark_557,Nickname_A,wxid_b739ukzh9d1t
558,2,2,1,0,1714073580,,我在看科幻电影。,2024-04-25 19:33:00,Remark_558,Nickname_B,wxid_n1wzhimjaw4p
559,1,2,1,1,1714016580,,我在看童话。,2024-04-25 03:43:00,Remark_559,Nickname_A,wxid_u5oo2ckp39xm
560,2,2,1,0,1714085460,,我在听广播。,2024-04-25 22:51:00,Remark_560,Nickname_B,wxid_sugfbi49cosy
561,1,2,1,1,1714131000,,你吃饭了吗？,2024-04-26 11:30:00,Remark_561,Nickname_A,wxid_j4xoas6t72ow
562,2,2,1,0,1714105740,,我在写报告。,2024-04-26 04:29:00,Remark_562,Nickname_B,wxid_vpeald5zwvqp
563,1,2,1,1,1714128300,,你喜欢什么样的花？,2024-04-26 10:45:00,Remark_563,Nickname_A,wxid_m3kg6cujelvp
564,2,2,1,0,1714148940,,今天的天气真好。,2024-04-26 16:29:00,Remark_564,Nickname_B,wxid_wdsruzlvkrpx
565,1,2,1,1,1714141800,,我在写日记。,2024-04-26 14:30:00,Remark_565,Nickname_A,wxid_4cf32g238739
566,2,2,1,0,1714108380,,我们去听摇滚音乐吧。,2024-04-26 05:13:00,Remark_566,Nickname_B,wxid_hynq6ohu1560
567,1,2,1,1,1714119600,,我在看动物。,2024-04-26 08:20:00,Remark_567,Nickname_A,wxid_l1j4apa7c8is
568,2,2,1,0,1714101180,,我在养鸟。,2024-04-26 03:13:00,Remark_568,Nickname_B,wxid_08h9jrjigqcb
569,1,2,1,1,1714145100,,我在听广播。,2024-04-26 15:25:00,Remark_569,Nickname_A,wxid_smyvse3lolyx
570,2,2,1,0,1714112820,,我在看电影。,2024-04-26 06:27:00,Remark_570,Nickname_B,wxid_uxye5i044bzp
571,1,2,1,1,1714203540,,今晚一起出去吃饭吧。,2024-04-27 07:39:00,Remark_571,Nickname_A,wxid_s7phhgtrozdg
572,2,2,1,0,1714189440,,记得带伞。,2024-04-27 03:44:00,Remark_572,Nickname_B,wxid_b1e1gdcm8jfm
573,1,2,1,1,1714216500,,我买了一些水果。,2024-04-27 11:15:00,Remark_573,Nickname_A,wxid_zs3xnrnggxjl
574,2,2,1,0,1714242240,,我在打篮球。,2024-04-27 18:24:00,Remark_574,Nickname_B,wxid_bp5gk5w856we
575,1,2,1,1,1714224420,,你喜欢什么样的运动？,2024-04-27 13:27:00,Remark_575,Nickname_A,wxid_m0ocbgfhmpx5
576,2,2,1,0,1714228980,,我们去采摘吧。,2024-04-27 14:43:00,Remark_576,Nickname_B,wxid_sowh62hkjbdv
577,1,2,1,1,1714204440,,我在看小说。,2024-04-27 07:54:00,Remark_577,Nickname_A,wxid_8ovxrdjmz7d2
578,2,2,1,0,1714261620,,我喜欢吉他。,2024-04-27 23:47:00,Remark_578,Nickname_B,wxid_tko1536toduo
579,1,2,1,1,1714235700,,我在听歌。,2024-04-27 16:35:00,Remark_579,Nickname_A,wxid_os9vqib35hyy
580,2,2,1,0,1714198140,,我喜欢黄色。,2024-04-27 06:09:00,Remark_580,Nickname_B,wxid_jagdldl9io9s
581,1,2,1,1,1714300560,,你喜欢什么样的颜色？,2024-04-28 10:36:00,Remark_581,Nickname_A,wxid_qvbiqjxbf4ha
582,2,2,1,0,1714272060,,我在看科幻电影。,2024-04-28 02:41:00,Remark_582,Nickname_B,wxid_wstge0b1jyxk
583,1,2,1,1,1714341480,,你喜欢什么样的食物？,2024-04-28 21:58:00,Remark_583,Nickname_A,wxid_gtwvlh4ho55n
584,2,2,1,0,1714319640,,我发现了一家很好的餐厅。,2024-04-28 15:54:00,Remark_584,Nickname_B,wxid_qg8c7ww7vhm7
585,1,2,1,1,1714279680,,我在看书。,2024-04-28 04:48:00,Remark_585,Nickname_A,wxid_7uqmu08mb8s9
586,2,2,1,0,1714336980,,我喜欢中餐。,2024-04-28 20:43:00,Remark_586,Nickname_B,wxid_fibddk3hiypc
587,1,2,1,1,1714343640,,祝你有美好的一天！,2024-04-28 22:34:00,Remark_587,Nickname_A,wxid_uznqlmku1e1x
588,2,2,1,0,1714338120,,我们去海边吧。,2024-04-28 21:02:00,Remark_588,Nickname_B,wxid_ksxf4ycldp9w
589,1,2,1,1,1714273920,,你喜欢什么样的音乐？,2024-04-28 03:12:00,Remark_589,Nickname_A,wxid_2v47pzeyf6no
590,2,2,1,0,1714333620,,祝你有美好的一天！,2024-04-28 19:47:00,Remark_590,Nickname_B,wxid_ku87bsd1hdxw
591,1,2,1,1,1714358520,,我在看散文。,2024-04-29 02:42:00,Remark_591,Nickname_A,wxid_2zt3lkpqdf3i
592,2,2,1,0,1714353120,,我在看童话。,2024-04-29 01:12:00,Remark_592,Nickname_B,wxid_p9q6x2jps0jj
593,1,2,1,1,1714378320,,我们去看电影吧。,2024-04-29 08:12:00,Remark_593,Nickname_A,wxid_kpap02jcynh5
594,2,2,1,0,1714399980,,我喜欢猫。,2024-04-29 14:13:00,Remark_594,Nickname_B,wxid_p3e6ol9ecllu
595,1,2,1,1,1714425960,,我在种花。,2024-04-29 21:26:00,Remark_595,Nickname_A,wxid_ss9khw0ym11c
596,2,2,1,0,1714395840,,我在看小说。,2024-04-29 13:04:00,Remark_596,Nickname_B,wxid_qnu9df8kv6yd
597,1,2,1,1,1714409040,,我喜欢黄色。,2024-04-29 16:44:00,Remark_597,Nickname_A,wxid_ug6fo0nuqy0n
598,2,2,1,0,1714371720,,我在写报告。,2024-04-29 06:22:00,Remark_598,Nickname_B,wxid_bo333w7szcys
599,1,2,1,1,1714415520,,我现在在工作。,2024-04-29 18:32:00,Remark_599,Nickname_A,wxid_lxi9pbfm1u5t
600,2,2,1,0,1714386960,,你喜欢什么样的花？,2024-04-29 10:36:00,Remark_600,Nickname_B,wxid_x4zh6zzzgiws
601,1,2,1,1,1714489200,,你喜欢什么样的运动？,2024-04-30 15:00:00,Remark_601,Nickname_A,wxid_pv78aa4bjrnp
602,2,2,1,0,1714447380,,我累了，需要休息。,2024-04-30 03:23:00,Remark_602,Nickname_B,wxid_9wfhekpiup66
603,1,2,1,1,1714464600,,我在游泳。,2024-04-30 08:10:00,Remark_603,Nickname_A,wxid_12fbeevx6zic
604,2,2,1,0,1714492200,,你喜欢什么样的颜色？,2024-04-30 15:50:00,Remark_604,Nickname_B,wxid_80m6v5xvqtmq
605,1,2,1,1,1714437120,,我在养狗。,2024-04-30 00:32:00,Remark_605,Nickname_A,wxid_m9jr9s3ccbua
606,2,2,1,0,1714489200,,我们去看绿色吧。,2024-04-30 15:00:00,Remark_606,Nickname_B,wxid_ovhrkjokkecs
607,1,2,1,1,1714475880,,我喜欢蓝色。,2024-04-30 11:18:00,Remark_607,Nickname_A,wxid_vy7pfjfdh78i
608,2,2,1,0,1714460820,,迫不及待想见到你。,2024-04-30 07:07:00,Remark_608,Nickname_B,wxid_mhpdeeefelg5
609,1,2,1,1,1714480140,,我们一起去购物吧。,2024-04-30 12:29:00,Remark_609,Nickname_A,wxid_su1nrz2qjg2t
610,2,2,1,0,1714518960,,我喜欢足球。,2024-04-30 23:16:00,Remark_610,Nickname_B,wxid_d7u7xdgiqiqz
611,1,2,1,1,1714574580,,我今天感觉很好。,2024-05-01 14:43:00,Remark_611,Nickname_A,wxid_kexfz089ffbg
612,2,2,1,0,1714524060,,我喜欢足球。,2024-05-01 00:41:00,Remark_612,Nickname_B,wxid_6l77hipzxwv2
613,1,2,1,1,1714605180,,我想学习做饭。,2024-05-01 23:13:00,Remark_613,Nickname_A,wxid_65ki8h8ln33r
614,2,2,1,0,1714533240,,我在听广播。,2024-05-01 03:14:00,Remark_614,Nickname_B,wxid_6afmp3r9526n
615,1,2,1,1,1714595160,,我喜欢长笛。,2024-05-01 20:26:00,Remark_615,Nickname_A,wxid_fonxwvj42ys2
616,2,2,1,0,1714604520,,我今天遇到了一些困难。,2024-05-01 23:02:00,Remark_616,Nickname_B,wxid_9exak9himqxx
617,1,2,1,1,1714535880,,我喜欢黄色。,2024-05-01 03:58:00,Remark_617,Nickname_A,wxid_w2q4lecpuc9l
618,2,2,1,0,1714563360,,迫不及待想见到你。,2024-05-01 11:36:00,Remark_618,Nickname_B,wxid_qhfz5tulkkje
619,1,2,1,1,1714570320,,我在吃西餐。,2024-05-01 13:32:00,Remark_619,Nickname_A,wxid_chktihqvy95r
620,2,2,1,0,1714549080,,你喜欢什么样的宠物？,2024-05-01 07:38:00,Remark_620,Nickname_B,wxid_ic1couudwfbb
